Value,Layout
23.7999992370605,1
25.6000003814697,1
24,1
25.1000003814697,1
25.5,1
26.1000003814697,1
23.7999992370605,1
25.7000007629395,1
24.2999992370605,1
26,1
24.6000003814697,1
27,1
30.2,2
29.9,2
29.1,2
28.8,2
29.1,2
28.6,2
28.3,2
28.7,2
27.9,2
30.5,2
27,3
25.4,3
25.6,3
24.2,3
24.8,3
24,3
25.5,3
23.9,3
22.6,3
26,3
23.4,3
